account_id,customer_id,branch_id,account_type,account_number,balance,currency,opened_date,status
ACC00000001,CUST000297,BR038,loan,****5180,-348328.49,EUR,2021-06-26,active
ACC00000002,CUST000358,BR044,loan,****1617,-129333.56,USD,2024-07-10,active
ACC00000003,CUST000421,BR010,savings,****1731,164506.48,USD,2024-04-17,active
ACC00000004,CUST000085,BR010,credit,****1712,-5705.42,USD,2022-10-25,active
ACC00000005,CUST000034,BR009,loan,****9438,-344360.08,EUR,2024-04-15,active
ACC00000006,CUST000155,BR031,savings,****7555,38844.59,USD,2019-09-29,active
ACC00000007,CUST000195,BR026,savings,****3252,64646.94,USD,2023-01-16,active
ACC00000008,CUST000287,BR034,savings,****1377,12950.67,USD,2023-10-09,active
ACC00000009,CUST000071,BR039,checking,****8336,46238.61,USD,2019-07-24,active
ACC00000010,CUST000391,BR036,checking,****8823,29447.56,USD,2023-05-20,active
ACC00000011,CUST000479,BR040,credit,****9948,-5828.89,GBP,2021-11-06,dormant
ACC00000012,CUST000415,BR006,savings,****9595,16839.43,GBP,2025-10-24,dormant
ACC00000013,CUST000113,BR023,savings,****9254,133813.36,EUR,2021-12-22,active
ACC00000014,CUST000110,BR031,credit,****2721,-4153.46,USD,2018-05-25,active
ACC00000015,CUST000381,BR025,credit,****5958,-6451.33,USD,2018-05-26,active
ACC00000016,CUST000020,BR026,credit,****6933,-9935.07,USD,2020-08-05,active
ACC00000017,CUST000485,BR033,loan,****4720,-91978.74,EUR,2025-07-28,active
ACC00000018,CUST000483,BR038,loan,****6872,-254060.98,EUR,2020-05-29,active
ACC00000019,CUST000173,BR014,savings,****6509,88285.96,USD,2018-11-08,active
ACC00000020,CUST000205,BR028,loan,****2889,-101463.96,USD,2022-05-05,active
ACC00000021,CUST000225,BR037,loan,****4495,-43425.16,USD,2022-10-17,active
ACC00000022,CUST000064,BR010,credit,****4831,-1302.07,EUR,2019-06-18,active
ACC00000023,CUST000075,BR028,loan,****9304,-323551.03,USD,2021-01-30,active
ACC00000024,CUST000166,BR024,checking,****5286,135.72,USD,2023-02-22,active
ACC00000025,CUST000213,BR008,credit,****6197,-1952.4,USD,2024-07-31,active
ACC00000026,CUST000174,BR043,credit,****9169,-4919.13,USD,2022-04-02,active
ACC00000027,CUST000289,BR039,checking,****1325,37056.84,USD,2025-09-21,active
ACC00000028,CUST000391,BR017,checking,****1672,1488.16,USD,2025-12-02,active
ACC00000029,CUST000380,BR034,credit,****3657,-7343.51,USD,2018-11-26,active
ACC00000030,CUST000101,BR007,credit,****1619,-8828.0,USD,2025-06-03,active
ACC00000031,CUST000288,BR044,credit,****6098,-3298.44,EUR,2019-11-18,active
ACC00000032,CUST000489,BR025,savings,****7106,103422.92,EUR,2025-09-05,active
ACC00000033,CUST000210,BR016,savings,****5111,135106.51,USD,2021-12-25,active
ACC00000034,CUST000339,BR015,loan,****8056,-36140.98,USD,2018-08-25,active
ACC00000035,CUST000191,BR049,checking,****8950,39904.96,EUR,2025-02-11,active
ACC00000036,CUST000489,BR049,checking,****3830,33580.43,EUR,2023-07-06,active
ACC00000037,CUST000242,BR028,credit,****7624,-1266.38,USD,2022-07-21,active
ACC00000038,CUST000124,BR020,checking,****4679,28604.03,USD,2021-01-15,active
ACC00000039,CUST000197,BR042,credit,****3153,-3824.3,USD,2020-04-28,active
ACC00000040,CUST000159,BR014,credit,****9498,-8565.24,USD,2019-05-21,dormant
ACC00000041,CUST000005,BR024,credit,****9137,-3471.58,USD,2019-12-06,active
ACC00000042,CUST000059,BR034,checking,****3908,25622.07,USD,2021-12-28,active
ACC00000043,CUST000493,BR050,savings,****5006,197375.87,USD,2024-11-15,active
ACC00000044,CUST000332,BR014,savings,****2844,130111.65,USD,2022-08-08,active
ACC00000045,CUST000091,BR010,loan,****5915,-223711.48,USD,2019-08-23,active
ACC00000046,CUST000420,BR044,credit,****3346,-3504.92,EUR,2022-06-17,active
ACC00000047,CUST000026,BR014,credit,****3747,-8028.75,EUR,2025-02-12,active
ACC00000048,CUST000401,BR030,credit,****6395,-49.01,USD,2021-10-02,active
ACC00000049,CUST000167,BR011,savings,****3179,43519.75,USD,2024-04-27,active
ACC00000050,CUST000346,BR010,checking,****9813,34670.83,USD,2018-05-13,active
ACC00000051,CUST000144,BR014,loan,****6095,-305048.14,USD,2025-11-08,active
ACC00000052,CUST000080,BR033,savings,****7930,44843.1,USD,2025-04-08,active
ACC00000053,CUST000364,BR005,credit,****1018,-2477.09,EUR,2025-01-21,active
ACC00000054,CUST000200,BR039,credit,****9289,-5928.49,USD,2022-04-15,active
ACC00000055,CUST000147,BR026,credit,****4375,-9169.03,EUR,2024-08-24,active
ACC00000056,CUST000400,BR025,checking,****3746,15579.65,USD,2025-07-21,active
ACC00000057,CUST000442,BR028,loan,****1155,-130498.59,USD,2025-10-31,active
ACC00000058,CUST000165,BR030,savings,****7330,65066.72,USD,2022-07-25,dormant
ACC00000059,CUST000353,BR015,credit,****7409,-7152.36,USD,2018-09-21,active
ACC00000060,CUST000080,BR003,loan,****9593,-248799.97,EUR,2020-11-20,active
ACC00000061,CUST000153,BR011,loan,****6719,-231441.95,USD,2020-04-10,active
ACC00000062,CUST000274,BR036,loan,****4752,-149902.72,USD,2024-05-01,active
ACC00000063,CUST000072,BR038,savings,****5351,65633.22,USD,2025-01-08,active
ACC00000064,CUST000137,BR029,loan,****5124,-42211.38,USD,2025-12-07,active
ACC00000065,CUST000150,BR018,savings,****8739,156365.36,USD,2022-01-01,active
ACC00000066,CUST000092,BR017,loan,****9547,-473455.14,USD,2023-05-10,active
ACC00000067,CUST000448,BR033,loan,****7845,-149423.72,USD,2022-08-03,active
ACC00000068,CUST000290,BR015,credit,****4223,-9981.48,USD,2019-12-28,dormant
ACC00000069,CUST000056,BR012,savings,****8496,166129.89,USD,2020-11-25,active
ACC00000070,CUST000337,BR037,credit,****1187,-6344.69,USD,2025-11-18,active
ACC00000071,CUST000042,BR028,savings,****7985,69893.65,USD,2023-05-16,active
ACC00000072,CUST000006,BR037,credit,****3916,-822.7,USD,2025-08-02,active
ACC00000073,CUST000293,BR039,savings,****9022,122554.44,USD,2025-06-03,active
ACC00000074,CUST000278,BR040,savings,****2286,11514.91,EUR,2024-08-21,active
ACC00000075,CUST000111,BR032,credit,****2507,-3518.6,USD,2019-08-02,active
ACC00000076,CUST000104,BR007,checking,****9375,26899.74,USD,2019-04-17,active
ACC00000077,CUST000494,BR028,checking,****1852,9386.6,EUR,2018-01-15,active
ACC00000078,CUST000228,BR043,checking,****6855,23959.28,USD,2023-06-07,active
ACC00000079,CUST000046,BR031,loan,****8348,-224741.6,USD,2018-09-19,active
ACC00000080,CUST000128,BR008,loan,****6020,-176259.39,USD,2023-02-09,active
ACC00000081,CUST000478,BR036,savings,****6977,33078.79,EUR,2022-06-15,active
ACC00000082,CUST000343,BR021,loan,****7840,-122087.46,USD,2022-04-11,active
ACC00000083,CUST000356,BR013,loan,****3763,-452409.44,USD,2022-03-09,active
ACC00000084,CUST000044,BR049,credit,****1069,-9889.97,EUR,2024-02-26,dormant
ACC00000085,CUST000466,BR008,savings,****3017,165121.01,USD,2020-08-31,dormant
ACC00000086,CUST000453,BR003,checking,****7257,7267.81,USD,2025-06-07,dormant
ACC00000087,CUST000353,BR035,loan,****5025,-358027.7,USD,2018-05-27,active
ACC00000088,CUST000256,BR006,credit,****5495,-7485.9,USD,2021-10-17,active
ACC00000089,CUST000143,BR036,checking,****9083,40126.47,USD,2023-08-01,closed
ACC00000090,CUST000477,BR024,savings,****6646,65719.2,USD,2020-05-24,active
ACC00000091,CUST000205,BR011,checking,****4889,27355.5,USD,2018-08-31,active
ACC00000092,CUST000322,BR047,loan,****6614,-276109.07,EUR,2018-07-22,active
ACC00000093,CUST000326,BR048,checking,****8588,41113.51,USD,2020-10-28,active
ACC00000094,CUST000454,BR033,savings,****7918,21680.87,USD,2019-05-11,active
ACC00000095,CUST000110,BR011,loan,****1443,-159785.43,GBP,2020-08-15,active
ACC00000096,CUST000279,BR039,savings,****4522,122661.31,USD,2023-04-23,active
ACC00000097,CUST000354,BR047,savings,****8614,185343.8,USD,2021-04-30,active
ACC00000098,CUST000352,BR039,loan,****5417,-280830.55,USD,2022-06-02,active
ACC00000099,CUST000200,BR020,checking,****1221,39236.09,GBP,2018-01-17,active
ACC00000100,CUST000266,BR005,savings,****7724,62233.67,USD,2022-11-19,active
ACC00000101,CUST000469,BR027,loan,****2329,-39228.25,USD,2025-02-15,active
ACC00000102,CUST000115,BR042,credit,****8021,-8611.93,EUR,2019-12-23,active
ACC00000103,CUST000187,BR017,credit,****6820,-5046.01,USD,2018-09-12,active
ACC00000104,CUST000481,BR024,loan,****4186,-369101.34,USD,2025-08-31,active
ACC00000105,CUST000449,BR001,savings,****5083,61253.77,USD,2018-12-27,active
ACC00000106,CUST000094,BR013,checking,****7967,49624.88,USD,2022-03-28,active
ACC00000107,CUST000465,BR043,checking,****4205,18752.48,USD,2024-03-18,active
ACC00000108,CUST000082,BR046,credit,****8905,-2402.61,USD,2025-02-05,active
ACC00000109,CUST000017,BR036,checking,****1634,41014.43,USD,2021-02-03,active
ACC00000110,CUST000396,BR012,checking,****7589,26738.65,USD,2020-07-20,active
ACC00000111,CUST000152,BR031,savings,****2474,89383.9,USD,2022-01-12,active
ACC00000112,CUST000350,BR018,credit,****5040,-8579.91,USD,2024-10-27,active
ACC00000113,CUST000205,BR046,loan,****8709,-150043.57,EUR,2022-08-29,active
ACC00000114,CUST000151,BR049,checking,****8121,2114.81,USD,2018-02-04,active
ACC00000115,CUST000227,BR021,savings,****6757,185351.82,EUR,2021-03-11,active
ACC00000116,CUST000183,BR041,credit,****6433,-2122.62,USD,2022-04-11,active
ACC00000117,CUST000398,BR006,checking,****3942,33878.77,USD,2020-05-03,active
ACC00000118,CUST000140,BR006,credit,****4529,-8107.16,USD,2023-02-14,active
ACC00000119,CUST000150,BR003,loan,****1753,-342469.18,USD,2025-11-29,active
ACC00000120,CUST000317,BR011,savings,****1538,154168.61,USD,2018-09-19,active
ACC00000121,CUST000298,BR009,credit,****5515,-9211.59,USD,2020-11-09,active
ACC00000122,CUST000336,BR014,loan,****5602,-78271.82,USD,2021-07-12,dormant
ACC00000123,CUST000161,BR023,savings,****7580,61678.72,USD,2020-02-11,dormant
ACC00000124,CUST000400,BR050,credit,****1107,-307.46,USD,2022-08-03,active
ACC00000125,CUST000462,BR032,loan,****6708,-54170.81,USD,2024-07-07,active
ACC00000126,CUST000240,BR005,loan,****8368,-340932.96,USD,2023-04-11,active
ACC00000127,CUST000413,BR032,loan,****5357,-168498.39,EUR,2024-09-02,dormant
ACC00000128,CUST000262,BR026,loan,****6404,-494883.75,USD,2018-12-31,active
ACC00000129,CUST000409,BR034,loan,****8513,-370257.66,USD,2021-06-20,active
ACC00000130,CUST000419,BR014,checking,****5453,48826.52,USD,2020-12-11,active
ACC00000131,CUST000196,BR012,credit,****6870,-7610.81,USD,2022-09-15,active
ACC00000132,CUST000058,BR031,savings,****6590,148395.07,USD,2023-07-14,active
ACC00000133,CUST000159,BR005,credit,****8413,-2649.55,USD,2025-05-09,active
ACC00000134,CUST000033,BR032,checking,****5293,42664.66,USD,2024-06-03,active
ACC00000135,CUST000175,BR001,loan,****7395,-243272.01,USD,2024-01-01,active
ACC00000136,CUST000403,BR009,loan,****6193,-193482.22,USD,2020-06-29,active
ACC00000137,CUST000149,BR050,loan,****8404,-208295.8,USD,2022-11-11,active
ACC00000138,CUST000185,BR005,savings,****4946,75629.27,USD,2021-08-31,active
ACC00000139,CUST000354,BR016,credit,****1798,-7945.08,USD,2019-02-17,active
ACC00000140,CUST000282,BR033,savings,****2973,189527.16,USD,2023-02-14,active
ACC00000141,CUST000499,BR049,credit,****4124,-7960.64,USD,2018-09-15,active
ACC00000142,CUST000331,BR002,credit,****5386,-8688.97,USD,2018-02-10,active
ACC00000143,CUST000456,BR016,savings,****4496,33568.5,USD,2025-01-11,active
ACC00000144,CUST000092,BR032,loan,****7119,-183435.91,EUR,2022-03-14,active
ACC00000145,CUST000223,BR034,credit,****7100,-4619.89,EUR,2024-01-15,active
ACC00000146,CUST000040,BR014,savings,****7482,148941.45,USD,2025-01-27,active
ACC00000147,CUST000087,BR031,loan,****1630,-103616.32,USD,2020-07-27,active
ACC00000148,CUST000458,BR037,checking,****4850,27436.97,USD,2024-10-08,active
ACC00000149,CUST000471,BR019,credit,****1516,-5883.67,USD,2020-09-11,active
ACC00000150,CUST000344,BR010,savings,****2264,186113.42,USD,2025-07-06,active
ACC00000151,CUST000314,BR032,credit,****4519,-7.7,EUR,2019-03-27,active
ACC00000152,CUST000379,BR020,checking,****9354,32127.24,USD,2019-03-14,active
ACC00000153,CUST000242,BR023,checking,****5461,46732.15,USD,2020-09-28,active
ACC00000154,CUST000189,BR008,credit,****5864,-7908.56,EUR,2020-05-30,dormant
ACC00000155,CUST000220,BR013,savings,****3894,175885.95,GBP,2020-01-14,closed
ACC00000156,CUST000312,BR024,loan,****9085,-389883.17,USD,2025-12-03,active
ACC00000157,CUST000457,BR015,credit,****8263,-8227.71,GBP,2019-07-21,active
ACC00000158,CUST000486,BR049,loan,****1372,-205676.76,EUR,2023-08-23,dormant
ACC00000159,CUST000247,BR013,credit,****3079,-9355.64,USD,2020-02-29,active
ACC00000160,CUST000154,BR049,savings,****2076,70780.51,USD,2019-08-20,active
ACC00000161,CUST000061,BR049,checking,****4017,10952.36,GBP,2025-06-03,active
ACC00000162,CUST000200,BR022,loan,****5778,-413198.38,USD,2020-03-06,active
ACC00000163,CUST000451,BR020,loan,****1457,-333544.41,EUR,2019-09-21,active
ACC00000164,CUST000379,BR015,credit,****4010,-9233.59,USD,2025-01-02,active
ACC00000165,CUST000269,BR021,credit,****6064,-6503.23,USD,2019-01-28,active
ACC00000166,CUST000393,BR025,loan,****5870,-494993.08,USD,2021-06-28,active
ACC00000167,CUST000144,BR038,loan,****2476,-81055.37,USD,2025-01-09,active
ACC00000168,CUST000335,BR019,loan,****4359,-223147.92,USD,2022-01-28,active
ACC00000169,CUST000020,BR010,credit,****9822,-3186.57,USD,2022-06-30,active
ACC00000170,CUST000410,BR004,savings,****5237,74238.96,USD,2019-04-30,closed
ACC00000171,CUST000068,BR034,loan,****6132,-371085.9,USD,2022-08-03,active
ACC00000172,CUST000194,BR049,credit,****4933,-7959.5,USD,2020-11-08,active
ACC00000173,CUST000189,BR047,checking,****9121,45857.77,EUR,2022-06-26,dormant
ACC00000174,CUST000303,BR020,credit,****9663,-7969.62,USD,2019-01-12,active
ACC00000175,CUST000247,BR001,credit,****5544,-3085.91,USD,2021-10-19,active
ACC00000176,CUST000500,BR038,credit,****8285,-498.67,USD,2025-02-07,active
ACC00000177,CUST000372,BR016,checking,****7447,16933.47,USD,2025-01-28,active
ACC00000178,CUST000201,BR050,loan,****4573,-274405.19,EUR,2020-08-08,active
ACC00000179,CUST000471,BR022,savings,****2758,74520.26,EUR,2025-08-14,active
ACC00000180,CUST000043,BR038,checking,****6773,31941.47,USD,2024-09-10,active
ACC00000181,CUST000301,BR020,checking,****3153,29016.1,GBP,2022-03-27,active
ACC00000182,CUST000312,BR026,credit,****6659,-3745.41,USD,2021-01-14,active
ACC00000183,CUST000062,BR032,loan,****7176,-304795.84,EUR,2019-03-11,active
ACC00000184,CUST000449,BR030,checking,****9497,32545.47,USD,2025-09-02,active
ACC00000185,CUST000221,BR043,checking,****1149,35234.26,EUR,2024-10-06,active
ACC00000186,CUST000066,BR013,loan,****6937,-340411.22,USD,2025-06-10,dormant
ACC00000187,CUST000080,BR047,savings,****2036,177735.8,USD,2022-05-25,active
ACC00000188,CUST000456,BR030,credit,****7743,-5923.44,USD,2018-10-19,active
ACC00000189,CUST000041,BR023,checking,****2990,5036.2,USD,2022-01-19,active
ACC00000190,CUST000299,BR046,savings,****6670,79492.83,USD,2023-04-15,active
ACC00000191,CUST000270,BR039,checking,****3384,9021.2,USD,2019-12-10,active
ACC00000192,CUST000186,BR032,savings,****3271,100055.96,USD,2018-12-29,active
ACC00000193,CUST000130,BR001,loan,****7665,-304651.63,USD,2024-03-25,active
ACC00000194,CUST000374,BR015,loan,****8729,-166286.91,USD,2023-03-09,active
ACC00000195,CUST000178,BR027,credit,****5319,-8341.19,USD,2020-08-25,active
ACC00000196,CUST000495,BR049,savings,****5558,74282.67,EUR,2022-12-16,active
ACC00000197,CUST000030,BR020,loan,****3869,-96333.59,USD,2025-08-30,active
ACC00000198,CUST000381,BR034,loan,****2094,-147898.52,USD,2019-03-19,active
ACC00000199,CUST000403,BR034,credit,****5672,-1894.93,USD,2024-08-25,active
ACC00000200,CUST000393,BR044,loan,****9036,-214547.09,EUR,2021-08-22,active
ACC00000201,CUST000370,BR012,checking,****6904,33201.58,USD,2024-08-19,active
ACC00000202,CUST000398,BR007,credit,****3512,-39.6,USD,2022-01-16,active
ACC00000203,CUST000008,BR029,checking,****1645,23355.84,USD,2019-02-09,active
ACC00000204,CUST000454,BR031,credit,****3758,-4523.77,EUR,2025-07-25,active
ACC00000205,CUST000311,BR001,credit,****6545,-3226.59,EUR,2021-08-01,active
ACC00000206,CUST000091,BR029,credit,****8021,-231.76,EUR,2022-05-26,active
ACC00000207,CUST000233,BR023,checking,****8897,10016.38,USD,2018-04-16,dormant
ACC00000208,CUST000319,BR017,checking,****9264,38925.86,USD,2019-02-05,active
ACC00000209,CUST000254,BR036,savings,****9620,99133.63,USD,2020-09-26,dormant
ACC00000210,CUST000300,BR017,checking,****1775,37667.41,USD,2025-01-16,active
ACC00000211,CUST000190,BR047,credit,****2102,-8809.43,USD,2024-08-02,active
ACC00000212,CUST000046,BR006,savings,****2869,134020.89,USD,2023-04-18,active
ACC00000213,CUST000351,BR015,savings,****3823,147769.82,USD,2023-05-10,active
ACC00000214,CUST000230,BR026,loan,****8977,-59779.83,USD,2024-02-25,dormant
ACC00000215,CUST000382,BR036,savings,****8822,67846.13,USD,2018-01-02,closed
ACC00000216,CUST000226,BR018,loan,****1235,-43779.47,USD,2024-05-30,dormant
ACC00000217,CUST000416,BR012,credit,****8836,-947.14,USD,2021-03-30,active
ACC00000218,CUST000401,BR020,checking,****9522,27203.32,USD,2021-03-19,active
ACC00000219,CUST000205,BR042,checking,****7853,12354.13,USD,2023-10-25,closed
ACC00000220,CUST000358,BR048,loan,****9345,-369886.55,USD,2023-01-28,active
ACC00000221,CUST000189,BR004,savings,****1092,25005.56,USD,2024-09-22,active
ACC00000222,CUST000372,BR036,checking,****9461,34403.09,EUR,2025-02-16,active
ACC00000223,CUST000479,BR048,credit,****2807,-3527.06,USD,2021-08-20,active
ACC00000224,CUST000208,BR003,credit,****3460,-7919.14,USD,2024-07-12,active
ACC00000225,CUST000070,BR022,credit,****3663,-6614.17,USD,2023-09-26,active
ACC00000226,CUST000071,BR017,savings,****1812,108729.46,USD,2018-03-02,active
ACC00000227,CUST000435,BR038,savings,****7676,140894.04,USD,2024-07-10,active
ACC00000228,CUST000083,BR029,loan,****4528,-45806.48,USD,2025-12-25,active
ACC00000229,CUST000392,BR010,checking,****7050,9377.54,USD,2025-04-15,active
ACC00000230,CUST000294,BR047,credit,****4449,-561.35,USD,2025-04-04,active
ACC00000231,CUST000294,BR030,checking,****4030,47696.6,USD,2019-04-29,active
ACC00000232,CUST000071,BR044,savings,****1382,9430.59,EUR,2024-07-05,active
ACC00000233,CUST000154,BR016,savings,****3144,116887.84,EUR,2018-11-06,active
ACC00000234,CUST000300,BR014,checking,****5515,39215.86,USD,2021-03-23,active
ACC00000235,CUST000191,BR006,loan,****5364,-39445.11,USD,2018-01-14,active
ACC00000236,CUST000081,BR044,checking,****9594,32246.1,USD,2022-08-07,active
ACC00000237,CUST000497,BR042,credit,****4558,-3013.31,USD,2022-07-22,active
ACC00000238,CUST000397,BR014,savings,****9359,115575.11,EUR,2019-11-11,active
ACC00000239,CUST000147,BR010,credit,****1866,-7442.67,USD,2024-06-20,active
ACC00000240,CUST000253,BR005,savings,****1432,188046.02,USD,2019-07-05,active
ACC00000241,CUST000070,BR044,savings,****2246,4927.58,USD,2024-04-22,active
ACC00000242,CUST000350,BR046,savings,****1955,30946.32,GBP,2018-04-28,active
ACC00000243,CUST000225,BR040,checking,****3223,36955.33,EUR,2018-01-04,active
ACC00000244,CUST000038,BR046,savings,****3082,111606.35,USD,2024-07-30,active
ACC00000245,CUST000346,BR011,loan,****2338,-472889.98,EUR,2022-10-31,active
ACC00000246,CUST000051,BR013,credit,****1895,-8580.74,USD,2023-01-11,active
ACC00000247,CUST000063,BR019,credit,****9439,-5674.25,USD,2021-12-01,active
ACC00000248,CUST000500,BR034,loan,****4080,-259795.2,USD,2021-09-13,active
ACC00000249,CUST000112,BR033,loan,****4873,-155921.66,USD,2021-03-14,active
ACC00000250,CUST000448,BR049,savings,****9004,199420.16,USD,2020-05-03,dormant
ACC00000251,CUST000181,BR020,checking,****6345,23798.75,USD,2019-04-26,active
ACC00000252,CUST000124,BR016,checking,****8816,40655.31,USD,2021-10-07,active
ACC00000253,CUST000462,BR046,checking,****8880,48064.22,USD,2018-04-13,dormant
ACC00000254,CUST000307,BR023,savings,****6653,131598.14,EUR,2022-06-17,active
ACC00000255,CUST000176,BR013,savings,****7913,147097.83,USD,2024-06-25,active
ACC00000256,CUST000333,BR011,checking,****2189,29416.26,USD,2023-10-15,active
ACC00000257,CUST000085,BR034,credit,****1895,-6933.28,USD,2023-05-14,active
ACC00000258,CUST000288,BR042,loan,****1073,-381409.33,USD,2022-05-05,active
ACC00000259,CUST000067,BR002,checking,****5217,32533.84,GBP,2022-05-03,active
ACC00000260,CUST000284,BR019,checking,****5925,26750.75,EUR,2021-11-27,active
ACC00000261,CUST000050,BR033,loan,****8364,-235181.82,USD,2020-02-27,active
ACC00000262,CUST000499,BR029,savings,****5646,146326.7,USD,2019-12-15,active
ACC00000263,CUST000147,BR004,savings,****2409,192982.25,USD,2023-03-28,active
ACC00000264,CUST000133,BR039,checking,****8210,15343.81,EUR,2020-04-10,active
ACC00000265,CUST000141,BR017,credit,****1735,-45.56,USD,2022-08-18,dormant
ACC00000266,CUST000243,BR044,credit,****4143,-6724.63,USD,2025-04-25,active
ACC00000267,CUST000067,BR017,credit,****6569,-3650.07,USD,2019-03-08,active
ACC00000268,CUST000217,BR021,checking,****6376,3225.92,USD,2023-10-23,active
ACC00000269,CUST000172,BR040,loan,****9603,-411008.14,USD,2024-08-08,dormant
ACC00000270,CUST000394,BR005,checking,****4152,9927.19,USD,2023-04-17,active
ACC00000271,CUST000266,BR039,loan,****6987,-381862.98,USD,2018-03-24,active
ACC00000272,CUST000306,BR038,checking,****2207,12479.77,EUR,2019-03-25,active
ACC00000273,CUST000270,BR048,savings,****8394,189585.66,USD,2023-05-09,active
ACC00000274,CUST000485,BR048,loan,****9001,-373626.96,USD,2022-03-26,dormant
ACC00000275,CUST000293,BR028,checking,****1290,3707.73,USD,2020-08-11,active
ACC00000276,CUST000378,BR015,credit,****4808,-3267.96,USD,2025-12-06,dormant
ACC00000277,CUST000035,BR018,loan,****6532,-167643.66,USD,2018-11-11,active
ACC00000278,CUST000074,BR010,loan,****9086,-483198.54,EUR,2022-10-02,active
ACC00000279,CUST000102,BR015,credit,****4351,-180.36,EUR,2018-11-17,active
ACC00000280,CUST000442,BR031,checking,****1996,39244.56,EUR,2025-02-09,active
ACC00000281,CUST000288,BR035,credit,****5079,-7080.06,GBP,2024-01-03,active
ACC00000282,CUST000019,BR045,credit,****8989,-854.03,USD,2023-07-20,dormant
ACC00000283,CUST000384,BR031,checking,****6249,25743.4,USD,2021-04-21,dormant
ACC00000284,CUST000082,BR050,savings,****8761,176695.58,USD,2025-11-03,active
ACC00000285,CUST000079,BR001,loan,****9744,-94618.4,USD,2021-07-01,active
ACC00000286,CUST000476,BR012,checking,****5205,16590.89,EUR,2024-09-02,active
ACC00000287,CUST000088,BR039,checking,****2302,35099.09,EUR,2018-03-16,active
ACC00000288,CUST000211,BR031,loan,****1108,-156004.53,USD,2025-12-07,active
ACC00000289,CUST000129,BR008,credit,****7021,-919.91,EUR,2021-01-14,active
ACC00000290,CUST000022,BR019,credit,****8264,-1443.15,USD,2021-02-02,active
ACC00000291,CUST000396,BR015,checking,****4040,7950.59,USD,2025-09-29,active
ACC00000292,CUST000008,BR027,loan,****4055,-197635.72,USD,2025-09-16,active
ACC00000293,CUST000444,BR044,credit,****2304,-8705.6,EUR,2021-08-18,active
ACC00000294,CUST000461,BR006,credit,****8765,-305.52,EUR,2021-09-27,active
ACC00000295,CUST000246,BR015,loan,****7630,-263488.14,EUR,2024-01-27,active
ACC00000296,CUST000227,BR014,loan,****7561,-241560.43,USD,2023-11-21,closed
ACC00000297,CUST000215,BR006,loan,****6967,-318803.46,USD,2024-10-26,active
ACC00000298,CUST000474,BR024,loan,****8481,-122365.03,USD,2023-04-30,active
ACC00000299,CUST000313,BR013,credit,****8763,-9728.61,USD,2023-12-20,active
ACC00000300,CUST000331,BR035,credit,****4431,-8900.01,USD,2022-11-02,active
ACC00000301,CUST000021,BR022,checking,****6413,43927.58,USD,2024-05-31,active
ACC00000302,CUST000433,BR042,credit,****5844,-8228.93,USD,2023-02-27,active
ACC00000303,CUST000288,BR036,savings,****4040,161600.4,USD,2018-06-05,active
ACC00000304,CUST000411,BR012,loan,****3735,-11820.81,GBP,2020-10-31,active
ACC00000305,CUST000199,BR017,checking,****3643,8980.02,EUR,2023-07-11,active
ACC00000306,CUST000191,BR039,loan,****2233,-413700.12,USD,2025-12-08,active
ACC00000307,CUST000308,BR017,loan,****7628,-165155.45,USD,2019-04-10,dormant
ACC00000308,CUST000097,BR010,savings,****3457,67788.99,USD,2023-12-20,active
ACC00000309,CUST000418,BR008,checking,****3815,41675.95,USD,2021-01-08,active
ACC00000310,CUST000040,BR039,savings,****9894,3574.77,USD,2022-06-09,dormant
ACC00000311,CUST000090,BR039,savings,****2633,19317.78,EUR,2019-12-16,active
ACC00000312,CUST000293,BR027,savings,****8520,112702.36,USD,2024-04-16,dormant
ACC00000313,CUST000189,BR005,credit,****8649,-4137.32,USD,2020-12-10,active
ACC00000314,CUST000135,BR048,savings,****2193,98871.01,USD,2019-01-20,active
ACC00000315,CUST000434,BR029,loan,****9936,-102312.12,USD,2018-06-18,active
ACC00000316,CUST000435,BR036,loan,****6626,-53815.24,USD,2019-01-14,active
ACC00000317,CUST000192,BR043,checking,****5733,45405.72,USD,2024-04-25,active
ACC00000318,CUST000370,BR024,loan,****6088,-287979.12,USD,2025-01-14,active
ACC00000319,CUST000389,BR020,credit,****5686,-4177.89,USD,2020-10-11,active
ACC00000320,CUST000307,BR012,savings,****8215,191711.63,USD,2022-07-25,active
ACC00000321,CUST000228,BR048,credit,****1715,-485.65,EUR,2025-05-18,active
ACC00000322,CUST000435,BR013,checking,****6103,18157.69,USD,2022-10-04,active
ACC00000323,CUST000354,BR025,savings,****1119,115829.45,USD,2024-02-23,active
ACC00000324,CUST000294,BR032,checking,****3491,32334.25,USD,2020-09-20,active
ACC00000325,CUST000257,BR043,credit,****1618,-1487.94,GBP,2023-11-22,active
ACC00000326,CUST000134,BR047,loan,****7221,-313545.14,USD,2020-01-13,active
ACC00000327,CUST000497,BR023,checking,****3317,36393.27,EUR,2020-05-02,dormant
ACC00000328,CUST000240,BR021,checking,****8813,28979.08,USD,2018-12-16,active
ACC00000329,CUST000240,BR024,loan,****2444,-463408.03,USD,2025-11-05,active
ACC00000330,CUST000141,BR015,loan,****1744,-67805.93,USD,2025-01-13,active
ACC00000331,CUST000332,BR018,loan,****9749,-149816.83,USD,2020-06-22,closed
ACC00000332,CUST000198,BR016,loan,****6516,-435405.8,USD,2024-12-07,active
ACC00000333,CUST000098,BR022,savings,****3959,69509.8,USD,2022-01-27,active
ACC00000334,CUST000374,BR046,savings,****2843,103688.27,USD,2022-03-15,active
ACC00000335,CUST000470,BR002,checking,****2162,44941.8,USD,2022-10-10,active
ACC00000336,CUST000380,BR003,checking,****2361,37003.48,USD,2023-10-01,dormant
ACC00000337,CUST000443,BR012,savings,****5246,122467.81,USD,2023-02-28,active
ACC00000338,CUST000358,BR030,checking,****6187,46774.97,USD,2018-01-25,active
ACC00000339,CUST000065,BR011,loan,****1224,-148114.74,USD,2020-12-09,active
ACC00000340,CUST000126,BR043,credit,****7693,-7683.83,USD,2018-04-08,active
ACC00000341,CUST000131,BR034,checking,****3016,30322.06,USD,2021-03-26,active
ACC00000342,CUST000315,BR029,loan,****2926,-94534.26,USD,2019-11-26,active
ACC00000343,CUST000125,BR038,savings,****9073,7689.3,USD,2019-06-19,active
ACC00000344,CUST000111,BR007,loan,****6661,-406242.21,USD,2025-04-02,active
ACC00000345,CUST000085,BR046,credit,****8804,-9237.11,USD,2018-01-02,active
ACC00000346,CUST000496,BR001,savings,****1306,190691.12,USD,2024-08-15,active
ACC00000347,CUST000434,BR002,checking,****4399,10054.75,GBP,2024-12-12,active
ACC00000348,CUST000288,BR019,checking,****8960,34808.42,USD,2018-07-15,active
ACC00000349,CUST000333,BR008,loan,****5646,-396115.55,USD,2022-08-17,closed
ACC00000350,CUST000292,BR050,checking,****1424,8048.38,USD,2021-03-25,active
ACC00000351,CUST000116,BR043,savings,****5480,139776.16,USD,2024-04-21,active
ACC00000352,CUST000164,BR006,credit,****7435,-4013.97,EUR,2021-09-14,active
ACC00000353,CUST000444,BR025,savings,****7807,60692.05,USD,2021-02-02,active
ACC00000354,CUST000165,BR013,loan,****8533,-292686.23,USD,2019-06-20,active
ACC00000355,CUST000427,BR001,checking,****3124,42031.87,USD,2024-04-25,active
ACC00000356,CUST000142,BR008,credit,****4962,-9229.68,USD,2019-10-07,active
ACC00000357,CUST000116,BR039,savings,****2114,75326.43,USD,2022-04-26,active
ACC00000358,CUST000124,BR013,checking,****4019,4555.47,USD,2024-10-08,active
ACC00000359,CUST000493,BR037,checking,****6146,44618.5,USD,2024-08-29,active
ACC00000360,CUST000287,BR045,savings,****4926,1150.4,USD,2023-01-08,active
ACC00000361,CUST000444,BR047,checking,****1199,47720.55,EUR,2024-10-01,active
ACC00000362,CUST000003,BR015,savings,****3389,124833.36,USD,2024-10-14,active
ACC00000363,CUST000233,BR023,credit,****2005,-9164.62,GBP,2020-11-27,active
ACC00000364,CUST000486,BR046,loan,****5863,-298911.73,USD,2022-02-14,active
ACC00000365,CUST000317,BR007,checking,****9102,37317.65,USD,2024-06-23,active
ACC00000366,CUST000116,BR050,checking,****7003,29965.5,USD,2020-05-28,active
ACC00000367,CUST000051,BR004,savings,****7673,182821.17,USD,2025-02-17,active
ACC00000368,CUST000416,BR009,savings,****2034,30429.37,USD,2019-09-17,active
ACC00000369,CUST000460,BR017,loan,****3605,-464237.09,USD,2021-09-20,active
ACC00000370,CUST000043,BR041,savings,****6714,167421.07,USD,2022-06-16,active
ACC00000371,CUST000321,BR014,checking,****4922,11180.32,EUR,2018-01-27,active
ACC00000372,CUST000102,BR016,savings,****1270,184540.92,USD,2022-03-13,active
ACC00000373,CUST000382,BR042,loan,****4977,-170921.06,USD,2024-11-29,active
ACC00000374,CUST000226,BR031,loan,****2553,-324948.96,EUR,2024-10-07,dormant
ACC00000375,CUST000077,BR047,credit,****7955,-6132.5,USD,2023-03-18,dormant
ACC00000376,CUST000015,BR039,credit,****5403,-5083.03,USD,2022-01-15,active
ACC00000377,CUST000274,BR050,loan,****8689,-210057.86,USD,2021-12-15,active
ACC00000378,CUST000008,BR018,credit,****9885,-5253.46,USD,2019-12-24,active
ACC00000379,CUST000181,BR036,checking,****7820,10096.95,USD,2019-05-02,active
ACC00000380,CUST000052,BR013,checking,****1031,37910.03,USD,2021-08-15,active
ACC00000381,CUST000021,BR020,loan,****8879,-155668.25,USD,2022-04-18,active
ACC00000382,CUST000385,BR041,savings,****8277,168508.29,USD,2024-06-12,active
ACC00000383,CUST000181,BR018,checking,****3500,46636.69,USD,2019-02-23,active
ACC00000384,CUST000495,BR014,savings,****7874,150736.17,USD,2023-08-09,active
ACC00000385,CUST000441,BR013,checking,****7910,40116.39,EUR,2024-11-18,active
ACC00000386,CUST000318,BR027,checking,****4087,4108.32,USD,2021-07-27,active
ACC00000387,CUST000274,BR045,loan,****6724,-352356.29,USD,2021-04-09,active
ACC00000388,CUST000246,BR050,checking,****5068,2799.78,USD,2024-08-31,active
ACC00000389,CUST000015,BR045,loan,****1753,-211839.07,USD,2023-08-25,active
ACC00000390,CUST000222,BR010,credit,****3637,-2005.21,USD,2022-05-19,active
ACC00000391,CUST000181,BR006,loan,****9487,-457738.63,USD,2022-05-11,active
ACC00000392,CUST000364,BR007,loan,****6273,-319368.05,USD,2018-12-28,active
ACC00000393,CUST000442,BR032,loan,****6817,-353433.45,USD,2025-10-01,active
ACC00000394,CUST000133,BR022,savings,****2278,195186.96,USD,2023-02-22,active
ACC00000395,CUST000215,BR004,credit,****1238,-4928.73,EUR,2024-06-12,active
ACC00000396,CUST000235,BR042,savings,****1757,70883.97,USD,2019-10-23,active
ACC00000397,CUST000192,BR048,loan,****3856,-475917.14,USD,2022-10-07,dormant
ACC00000398,CUST000396,BR046,checking,****8821,23169.65,USD,2021-05-11,active
ACC00000399,CUST000353,BR012,savings,****4909,97767.78,USD,2021-12-30,active
ACC00000400,CUST000053,BR020,checking,****7128,18126.92,USD,2023-07-30,active
ACC00000401,CUST000002,BR010,savings,****9299,179487.61,USD,2025-05-23,active
ACC00000402,CUST000339,BR039,loan,****4719,-35251.15,USD,2021-11-23,active
ACC00000403,CUST000431,BR004,savings,****4546,145751.48,USD,2024-12-07,active
ACC00000404,CUST000444,BR010,savings,****5615,95104.06,EUR,2022-12-18,active
ACC00000405,CUST000242,BR025,savings,****1670,22265.39,USD,2025-07-25,active
ACC00000406,CUST000376,BR003,savings,****9305,151110.19,EUR,2024-12-09,dormant
ACC00000407,CUST000229,BR026,credit,****3942,-8670.26,EUR,2025-08-04,dormant
ACC00000408,CUST000296,BR012,savings,****8407,117063.33,USD,2024-08-23,active
ACC00000409,CUST000434,BR014,savings,****7807,174455.09,USD,2024-08-16,active
ACC00000410,CUST000066,BR036,savings,****6045,137701.73,USD,2023-04-07,active
ACC00000411,CUST000435,BR039,credit,****1965,-1938.01,USD,2018-03-14,dormant
ACC00000412,CUST000040,BR011,credit,****2281,-8647.25,USD,2020-08-24,active
ACC00000413,CUST000149,BR022,loan,****9501,-20403.43,EUR,2020-01-08,active
ACC00000414,CUST000237,BR040,checking,****9161,19434.51,USD,2018-06-18,active
ACC00000415,CUST000040,BR027,credit,****2402,-6723.51,USD,2021-12-07,active
ACC00000416,CUST000277,BR042,loan,****8647,-99007.72,USD,2021-04-05,active
ACC00000417,CUST000109,BR040,checking,****4607,6104.39,USD,2018-08-11,active
ACC00000418,CUST000389,BR049,credit,****4743,-919.53,GBP,2023-02-14,active
ACC00000419,CUST000184,BR001,savings,****6388,1466.85,USD,2020-08-26,active
ACC00000420,CUST000456,BR018,credit,****1177,-4838.93,USD,2022-10-13,active
ACC00000421,CUST000117,BR016,loan,****7006,-240820.23,EUR,2018-08-05,active
ACC00000422,CUST000340,BR005,savings,****4196,173988.42,USD,2021-07-26,active
ACC00000423,CUST000136,BR017,credit,****3919,-6615.82,USD,2018-05-11,active
ACC00000424,CUST000339,BR004,savings,****9198,114023.21,EUR,2022-09-03,active
ACC00000425,CUST000464,BR034,credit,****1639,-2550.54,USD,2024-11-25,active
ACC00000426,CUST000209,BR017,checking,****7156,49389.14,USD,2021-02-27,active
ACC00000427,CUST000074,BR030,loan,****5010,-69937.3,USD,2019-10-18,active
ACC00000428,CUST000437,BR020,loan,****8793,-154276.37,USD,2020-09-27,active
ACC00000429,CUST000300,BR008,savings,****3744,159787.38,USD,2023-06-22,active
ACC00000430,CUST000320,BR008,savings,****2761,180386.52,USD,2020-09-01,active
ACC00000431,CUST000468,BR036,credit,****2717,-2569.03,USD,2023-08-07,active
ACC00000432,CUST000237,BR032,loan,****2563,-475743.99,USD,2020-09-17,active
ACC00000433,CUST000291,BR023,loan,****1148,-349966.08,USD,2018-08-24,active
ACC00000434,CUST000256,BR046,loan,****7451,-436424.81,USD,2024-11-12,active
ACC00000435,CUST000026,BR023,credit,****2253,-369.3,GBP,2020-11-28,active
ACC00000436,CUST000352,BR036,savings,****5472,126412.08,USD,2019-03-22,closed
ACC00000437,CUST000040,BR050,credit,****9356,-3714.32,USD,2019-09-26,active
ACC00000438,CUST000147,BR006,credit,****3100,-9229.85,USD,2021-07-22,active
ACC00000439,CUST000041,BR036,loan,****7709,-475493.64,EUR,2020-08-09,dormant
ACC00000440,CUST000377,BR029,checking,****9694,8623.0,EUR,2019-04-11,active
ACC00000441,CUST000298,BR049,checking,****5210,8932.31,USD,2024-04-02,active
ACC00000442,CUST000384,BR036,checking,****5075,4511.17,USD,2023-10-20,active
ACC00000443,CUST000446,BR011,savings,****6336,166763.4,USD,2020-11-10,active
ACC00000444,CUST000403,BR032,checking,****6440,33372.08,GBP,2023-11-03,active
ACC00000445,CUST000338,BR026,savings,****2511,166968.92,USD,2019-04-02,active
ACC00000446,CUST000306,BR035,checking,****9876,37560.46,EUR,2020-04-20,active
ACC00000447,CUST000208,BR040,credit,****2843,-3498.28,USD,2024-09-26,active
ACC00000448,CUST000283,BR007,checking,****9548,9512.98,EUR,2024-11-14,active
ACC00000449,CUST000235,BR024,savings,****8868,46263.24,USD,2024-02-28,active
ACC00000450,CUST000213,BR043,credit,****6553,-2411.34,USD,2023-08-08,active
ACC00000451,CUST000225,BR021,savings,****4162,196625.26,EUR,2022-07-31,active
ACC00000452,CUST000334,BR003,checking,****2171,26654.66,USD,2025-06-05,active
ACC00000453,CUST000482,BR036,checking,****3212,39905.27,USD,2022-04-22,active
ACC00000454,CUST000147,BR029,loan,****5077,-31445.35,USD,2021-11-21,active
ACC00000455,CUST000304,BR038,checking,****5966,45414.44,USD,2025-03-13,active
ACC00000456,CUST000079,BR012,credit,****8361,-7645.97,EUR,2019-11-14,active
ACC00000457,CUST000207,BR038,checking,****2779,39986.72,EUR,2022-06-14,active
ACC00000458,CUST000104,BR013,loan,****9032,-453418.2,USD,2020-06-05,active
ACC00000459,CUST000313,BR046,savings,****4462,83878.64,USD,2019-04-29,active
ACC00000460,CUST000344,BR008,checking,****7375,970.36,USD,2022-04-13,active
ACC00000461,CUST000379,BR048,savings,****3874,100487.88,USD,2021-10-25,dormant
ACC00000462,CUST000416,BR040,savings,****2333,139999.79,USD,2022-04-08,active
ACC00000463,CUST000440,BR013,checking,****9141,23883.92,USD,2024-07-27,dormant
ACC00000464,CUST000421,BR024,savings,****4404,6898.22,USD,2022-03-15,active
ACC00000465,CUST000280,BR022,credit,****5427,-9159.08,USD,2024-09-14,active
ACC00000466,CUST000161,BR030,loan,****7303,-484722.87,EUR,2024-09-08,active
ACC00000467,CUST000419,BR029,loan,****9546,-136542.79,USD,2018-04-09,active
ACC00000468,CUST000171,BR003,checking,****1441,779.9,EUR,2024-09-24,active
ACC00000469,CUST000039,BR036,checking,****6336,46199.84,USD,2021-01-22,active
ACC00000470,CUST000199,BR001,credit,****4622,-1317.69,USD,2018-01-22,active
ACC00000471,CUST000382,BR004,savings,****8538,112400.29,EUR,2025-03-20,active
ACC00000472,CUST000206,BR025,loan,****9302,-409051.1,USD,2021-08-14,active
ACC00000473,CUST000276,BR020,loan,****3240,-96292.12,USD,2022-03-12,active
ACC00000474,CUST000220,BR043,credit,****8823,-3767.49,USD,2019-11-03,active
ACC00000475,CUST000018,BR011,checking,****4487,26904.69,USD,2024-11-09,active
ACC00000476,CUST000482,BR028,credit,****9959,-4454.39,EUR,2018-09-07,active
ACC00000477,CUST000426,BR004,checking,****7359,2042.4,USD,2020-07-05,active
ACC00000478,CUST000119,BR009,checking,****6643,48073.7,USD,2021-09-09,active
ACC00000479,CUST000483,BR045,savings,****7211,86816.29,USD,2020-01-02,active
ACC00000480,CUST000363,BR038,credit,****4654,-5865.71,USD,2022-03-16,active
ACC00000481,CUST000044,BR003,credit,****1724,-916.67,USD,2025-04-17,active
ACC00000482,CUST000449,BR001,savings,****9913,141325.83,EUR,2020-10-10,active
ACC00000483,CUST000045,BR041,loan,****6404,-71100.2,USD,2019-09-12,active
ACC00000484,CUST000031,BR010,loan,****3534,-444307.87,EUR,2022-05-09,active
ACC00000485,CUST000382,BR040,credit,****1336,-2754.4,USD,2025-01-03,active
ACC00000486,CUST000089,BR018,credit,****8996,-6575.69,USD,2024-09-23,active
ACC00000487,CUST000437,BR040,credit,****3216,-5675.29,USD,2019-10-29,active
ACC00000488,CUST000211,BR041,checking,****9928,40052.63,USD,2020-05-15,active
ACC00000489,CUST000232,BR014,checking,****2354,5599.84,USD,2023-01-08,active
ACC00000490,CUST000058,BR008,credit,****4723,-467.79,USD,2024-05-08,active
ACC00000491,CUST000154,BR002,credit,****2733,-7081.39,USD,2024-03-12,dormant
ACC00000492,CUST000012,BR028,savings,****2627,38426.38,USD,2020-10-08,active
ACC00000493,CUST000122,BR040,credit,****3319,-190.72,USD,2023-12-22,active
ACC00000494,CUST000266,BR034,checking,****2911,26584.94,USD,2022-03-25,active
ACC00000495,CUST000271,BR047,loan,****5443,-205774.47,USD,2022-06-15,active
ACC00000496,CUST000172,BR025,savings,****3305,8767.29,USD,2024-01-18,active
ACC00000497,CUST000346,BR036,credit,****3892,-4534.72,USD,2018-03-05,active
ACC00000498,CUST000244,BR017,checking,****7090,38442.15,USD,2025-02-11,active
ACC00000499,CUST000147,BR011,checking,****2420,47851.55,USD,2019-09-04,active
ACC00000500,CUST000234,BR029,checking,****5021,42954.99,USD,2018-04-14,dormant
ACC00000501,CUST000306,BR001,savings,****7556,96158.06,EUR,2025-01-17,active
ACC00000502,CUST000193,BR050,credit,****3426,-9083.0,USD,2022-01-12,active
ACC00000503,CUST000494,BR040,savings,****2762,55613.0,USD,2025-09-24,dormant
ACC00000504,CUST000402,BR047,checking,****4274,34715.77,USD,2023-10-17,active
ACC00000505,CUST000436,BR035,loan,****9589,-63776.77,USD,2022-06-27,active
ACC00000506,CUST000163,BR040,checking,****6120,1669.48,USD,2019-08-03,active
ACC00000507,CUST000490,BR045,credit,****5869,-8509.86,USD,2019-12-22,active
ACC00000508,CUST000401,BR025,credit,****8077,-3524.68,USD,2025-08-13,active
ACC00000509,CUST000039,BR040,loan,****2600,-409967.44,USD,2019-08-06,active
ACC00000510,CUST000219,BR023,loan,****1619,-10623.73,USD,2020-01-31,active
ACC00000511,CUST000335,BR014,loan,****4797,-80111.74,USD,2023-10-27,active
ACC00000512,CUST000335,BR045,checking,****6126,13022.4,EUR,2021-08-18,active
ACC00000513,CUST000371,BR015,checking,****4713,38342.06,USD,2022-05-09,active
ACC00000514,CUST000035,BR019,savings,****4935,76047.51,USD,2025-02-21,active
ACC00000515,CUST000211,BR017,credit,****7499,-5240.77,EUR,2024-04-11,active
ACC00000516,CUST000377,BR014,savings,****1677,58505.73,USD,2025-09-22,active
ACC00000517,CUST000078,BR004,savings,****7435,73056.06,USD,2025-01-28,closed
ACC00000518,CUST000123,BR003,loan,****4562,-285743.08,USD,2019-12-23,active
ACC00000519,CUST000471,BR001,loan,****2456,-324785.23,EUR,2019-12-30,active
ACC00000520,CUST000396,BR015,loan,****6795,-317085.25,USD,2023-04-09,active
ACC00000521,CUST000342,BR047,loan,****1053,-36759.13,USD,2025-06-05,active
ACC00000522,CUST000433,BR023,credit,****6422,-1933.4,USD,2018-03-30,active
ACC00000523,CUST000008,BR037,checking,****5527,35831.1,USD,2019-06-24,active
ACC00000524,CUST000094,BR034,checking,****1720,38418.49,EUR,2024-04-28,active
ACC00000525,CUST000344,BR017,credit,****9297,-9594.23,USD,2020-06-25,active
ACC00000526,CUST000497,BR048,savings,****8303,76599.07,USD,2018-01-11,active
ACC00000527,CUST000207,BR022,loan,****3977,-146273.2,USD,2025-11-07,active
ACC00000528,CUST000444,BR028,savings,****7417,62459.9,USD,2020-01-25,dormant
ACC00000529,CUST000099,BR020,savings,****9868,128411.88,USD,2024-03-20,active
ACC00000530,CUST000492,BR041,savings,****3197,150446.16,USD,2023-07-11,active
ACC00000531,CUST000253,BR026,credit,****9105,-6122.97,USD,2024-08-04,closed
ACC00000532,CUST000263,BR030,savings,****5567,179152.59,USD,2023-12-24,active
ACC00000533,CUST000355,BR046,savings,****6858,120579.61,USD,2025-11-19,active
ACC00000534,CUST000141,BR025,loan,****2220,-121734.13,USD,2022-08-30,active
ACC00000535,CUST000011,BR048,credit,****6153,-7943.14,USD,2018-09-29,active
ACC00000536,CUST000180,BR014,loan,****3345,-245236.0,EUR,2021-11-10,active
ACC00000537,CUST000323,BR050,checking,****8978,43649.69,USD,2020-02-23,active
ACC00000538,CUST000433,BR040,credit,****3385,-904.68,EUR,2024-01-30,active
ACC00000539,CUST000457,BR013,checking,****6961,23573.59,USD,2023-11-10,active
ACC00000540,CUST000366,BR028,checking,****7576,39751.73,USD,2022-09-09,active
ACC00000541,CUST000303,BR035,savings,****8839,150529.1,USD,2021-10-04,active
ACC00000542,CUST000404,BR025,savings,****7546,38860.86,USD,2023-12-10,active
ACC00000543,CUST000247,BR046,checking,****7938,46744.44,USD,2019-10-10,active
ACC00000544,CUST000331,BR016,loan,****6443,-89014.1,USD,2018-09-13,active
ACC00000545,CUST000044,BR003,loan,****6700,-23497.69,USD,2021-10-25,active
ACC00000546,CUST000466,BR039,credit,****2049,-5146.32,USD,2023-01-11,active
ACC00000547,CUST000061,BR037,credit,****1950,-3058.94,EUR,2024-08-27,active
ACC00000548,CUST000253,BR049,checking,****9910,12730.02,EUR,2023-12-01,active
ACC00000549,CUST000442,BR045,loan,****9716,-88366.26,USD,2022-06-01,active
ACC00000550,CUST000056,BR030,savings,****8521,196875.69,USD,2024-02-04,active
ACC00000551,CUST000150,BR011,credit,****7472,-1788.07,USD,2018-08-12,dormant
ACC00000552,CUST000311,BR009,savings,****9825,166014.12,USD,2022-02-28,closed
ACC00000553,CUST000061,BR038,credit,****5465,-9540.82,GBP,2025-06-04,active
ACC00000554,CUST000447,BR009,credit,****1007,-265.22,GBP,2022-08-28,active
ACC00000555,CUST000423,BR023,loan,****8328,-112026.83,USD,2024-08-14,active
ACC00000556,CUST000428,BR015,loan,****4384,-380951.72,EUR,2023-06-11,active
ACC00000557,CUST000148,BR034,credit,****4719,-2706.66,EUR,2022-06-18,active
ACC00000558,CUST000231,BR045,loan,****5851,-264367.71,USD,2020-11-03,dormant
ACC00000559,CUST000331,BR001,credit,****9770,-4950.3,USD,2022-12-30,active
ACC00000560,CUST000130,BR043,loan,****3786,-243993.08,GBP,2022-06-30,active
ACC00000561,CUST000338,BR004,credit,****9113,-8375.97,USD,2024-03-18,active
ACC00000562,CUST000145,BR040,credit,****6246,-5716.88,USD,2020-01-11,active
ACC00000563,CUST000332,BR012,checking,****6436,33821.84,USD,2019-02-23,active
ACC00000564,CUST000005,BR035,savings,****4268,67186.53,USD,2018-06-06,active
ACC00000565,CUST000400,BR008,loan,****9031,-434014.88,USD,2023-12-29,active
ACC00000566,CUST000404,BR042,checking,****5769,454.01,GBP,2018-07-05,active
ACC00000567,CUST000104,BR008,loan,****5432,-449799.67,USD,2019-03-28,active
ACC00000568,CUST000144,BR040,credit,****3168,-2803.76,EUR,2018-06-24,active
ACC00000569,CUST000271,BR040,credit,****7160,-4129.39,USD,2021-03-26,closed
ACC00000570,CUST000432,BR026,savings,****3752,27288.91,USD,2024-07-12,active
ACC00000571,CUST000417,BR028,savings,****6322,166269.15,EUR,2021-08-21,active
ACC00000572,CUST000062,BR021,credit,****6746,-1154.62,USD,2020-03-11,active
ACC00000573,CUST000326,BR020,loan,****7655,-335270.24,USD,2018-02-02,active
ACC00000574,CUST000387,BR042,savings,****8301,109616.13,USD,2020-06-19,active
ACC00000575,CUST000463,BR045,loan,****5571,-176858.9,USD,2021-08-14,active
ACC00000576,CUST000408,BR043,checking,****7281,45321.6,USD,2024-04-02,active
ACC00000577,CUST000340,BR017,checking,****5560,36041.84,USD,2024-05-09,active
ACC00000578,CUST000102,BR037,checking,****2428,43738.18,USD,2020-02-25,active
ACC00000579,CUST000338,BR013,savings,****7453,71154.57,USD,2022-08-14,active
ACC00000580,CUST000278,BR037,loan,****4597,-142362.48,USD,2023-05-06,active
ACC00000581,CUST000219,BR037,savings,****4178,169340.63,USD,2025-10-29,active
ACC00000582,CUST000396,BR050,savings,****7080,138878.16,USD,2022-04-29,active
ACC00000583,CUST000215,BR033,loan,****2825,-460170.99,USD,2022-11-23,active
ACC00000584,CUST000354,BR015,checking,****8337,15432.22,USD,2024-02-15,active
ACC00000585,CUST000248,BR037,savings,****6953,67556.26,EUR,2021-06-03,active
ACC00000586,CUST000360,BR028,loan,****7513,-385555.7,USD,2023-11-20,active
ACC00000587,CUST000020,BR037,checking,****9226,42056.22,EUR,2025-04-17,active
ACC00000588,CUST000364,BR041,credit,****6982,-8804.34,USD,2022-05-29,active
ACC00000589,CUST000377,BR025,credit,****3259,-7067.57,USD,2021-03-27,active
ACC00000590,CUST000184,BR015,loan,****5517,-296255.22,USD,2024-02-06,active
ACC00000591,CUST000161,BR025,loan,****2131,-274935.2,EUR,2019-01-31,active
ACC00000592,CUST000062,BR045,savings,****9598,146155.97,USD,2020-05-01,active
ACC00000593,CUST000226,BR045,savings,****6020,117697.29,EUR,2018-05-02,active
ACC00000594,CUST000233,BR015,loan,****7138,-415600.59,USD,2024-06-24,active
ACC00000595,CUST000017,BR047,loan,****6216,-219328.77,USD,2022-11-07,closed
ACC00000596,CUST000227,BR021,loan,****7097,-110009.38,USD,2018-08-01,active
ACC00000597,CUST000288,BR030,savings,****8076,135128.71,USD,2022-02-18,active
ACC00000598,CUST000022,BR019,checking,****3681,25004.74,USD,2024-01-13,active
ACC00000599,CUST000186,BR012,savings,****8285,28385.65,USD,2024-10-28,active
ACC00000600,CUST000283,BR009,credit,****7908,-9854.51,EUR,2019-09-18,dormant
ACC00000601,CUST000422,BR015,loan,****1567,-462564.29,USD,2022-08-06,active
ACC00000602,CUST000304,BR015,credit,****8422,-8515.57,USD,2020-10-10,active
ACC00000603,CUST000439,BR027,credit,****8286,-9686.41,EUR,2025-11-22,active
ACC00000604,CUST000452,BR034,savings,****5021,136247.07,USD,2021-09-06,active
ACC00000605,CUST000212,BR028,credit,****9953,-2554.48,USD,2019-01-28,active
ACC00000606,CUST000366,BR007,loan,****4224,-258497.17,USD,2021-01-19,active
ACC00000607,CUST000174,BR031,loan,****2176,-220452.77,USD,2018-03-28,active
ACC00000608,CUST000264,BR001,checking,****4350,35837.45,USD,2020-02-03,active
ACC00000609,CUST000482,BR006,savings,****2502,125225.28,EUR,2025-01-29,active
ACC00000610,CUST000318,BR037,credit,****7276,-7359.78,USD,2018-07-15,dormant
ACC00000611,CUST000125,BR026,loan,****3517,-328401.81,USD,2021-12-11,active
ACC00000612,CUST000062,BR027,savings,****8538,118916.48,USD,2023-07-15,dormant
ACC00000613,CUST000261,BR027,checking,****9877,40936.91,USD,2018-03-14,active
ACC00000614,CUST000109,BR018,checking,****5889,12995.81,USD,2025-03-13,active
ACC00000615,CUST000429,BR037,checking,****2080,19047.24,USD,2024-10-06,active
ACC00000616,CUST000492,BR037,savings,****3421,15123.66,USD,2023-08-25,dormant
ACC00000617,CUST000092,BR019,savings,****6596,140630.67,USD,2022-08-08,active
ACC00000618,CUST000083,BR030,savings,****1197,29531.97,USD,2025-08-15,active
ACC00000619,CUST000269,BR035,loan,****1333,-206956.19,USD,2018-11-27,active
ACC00000620,CUST000372,BR030,loan,****1684,-82180.39,USD,2021-06-22,active
ACC00000621,CUST000194,BR026,checking,****4621,47969.4,USD,2020-10-06,active
ACC00000622,CUST000471,BR040,credit,****1047,-9461.2,USD,2025-09-05,active
ACC00000623,CUST000138,BR034,savings,****9203,3632.66,GBP,2022-07-23,active
ACC00000624,CUST000084,BR011,credit,****9129,-2538.99,USD,2018-09-22,dormant
ACC00000625,CUST000443,BR022,checking,****9733,38229.99,USD,2019-12-18,active
ACC00000626,CUST000195,BR030,checking,****1248,44767.46,USD,2019-05-04,active
ACC00000627,CUST000443,BR012,loan,****1336,-65391.93,USD,2018-08-21,active
ACC00000628,CUST000431,BR036,savings,****6365,129584.4,EUR,2019-12-19,active
ACC00000629,CUST000192,BR005,checking,****2511,11685.83,USD,2020-01-29,active
ACC00000630,CUST000298,BR031,savings,****5682,21317.25,USD,2018-10-02,active
ACC00000631,CUST000189,BR040,checking,****1558,47520.0,USD,2021-02-18,closed
ACC00000632,CUST000382,BR046,checking,****8382,11952.76,USD,2024-03-06,active
ACC00000633,CUST000087,BR045,savings,****8413,146362.09,EUR,2020-01-28,active
ACC00000634,CUST000434,BR004,checking,****1523,14596.96,USD,2021-07-12,active
ACC00000635,CUST000385,BR045,loan,****5373,-373927.61,EUR,2018-11-09,active
ACC00000636,CUST000496,BR040,savings,****3253,189575.78,USD,2021-02-13,active
ACC00000637,CUST000498,BR012,credit,****3935,-6240.42,USD,2025-11-02,active
ACC00000638,CUST000488,BR031,savings,****2481,38666.95,USD,2025-07-19,active
ACC00000639,CUST000214,BR035,credit,****8702,-8760.13,USD,2019-02-28,active
ACC00000640,CUST000184,BR025,credit,****9299,-9446.58,USD,2020-10-13,dormant
ACC00000641,CUST000180,BR031,savings,****5537,52715.37,GBP,2018-08-21,active
ACC00000642,CUST000340,BR020,loan,****6977,-327894.49,USD,2025-08-11,active
ACC00000643,CUST000366,BR034,loan,****3512,-418206.06,USD,2018-01-26,active
ACC00000644,CUST000099,BR032,loan,****5480,-416056.52,USD,2022-03-10,active
ACC00000645,CUST000156,BR001,credit,****6212,-7392.99,USD,2024-07-24,dormant
ACC00000646,CUST000235,BR019,savings,****5401,59550.98,USD,2024-04-24,active
ACC00000647,CUST000035,BR016,loan,****8789,-389343.51,USD,2019-06-10,active
ACC00000648,CUST000080,BR050,credit,****9904,-9484.0,USD,2022-06-08,active
ACC00000649,CUST000459,BR041,credit,****4221,-6455.38,EUR,2020-08-16,closed
ACC00000650,CUST000048,BR032,checking,****1872,14788.49,USD,2024-07-01,dormant
ACC00000651,CUST000054,BR043,credit,****4952,-9519.7,USD,2021-08-20,dormant
ACC00000652,CUST000013,BR024,savings,****6119,37098.52,EUR,2021-12-20,active
ACC00000653,CUST000213,BR037,loan,****8392,-113775.13,USD,2018-04-15,active
ACC00000654,CUST000409,BR048,checking,****7595,13830.09,EUR,2023-10-10,active
ACC00000655,CUST000249,BR034,savings,****2512,161010.51,USD,2018-03-01,active
ACC00000656,CUST000177,BR044,checking,****3979,32454.13,USD,2018-08-07,dormant
ACC00000657,CUST000295,BR029,savings,****3402,142491.3,USD,2022-10-06,active
ACC00000658,CUST000042,BR025,loan,****4929,-317442.98,USD,2018-11-24,active
ACC00000659,CUST000297,BR034,savings,****4787,47462.7,GBP,2023-04-10,active
ACC00000660,CUST000075,BR043,loan,****9779,-277725.99,USD,2025-09-06,active
ACC00000661,CUST000144,BR028,savings,****5866,20063.31,USD,2021-07-23,active
ACC00000662,CUST000259,BR032,savings,****2180,160056.03,USD,2019-01-10,active
ACC00000663,CUST000174,BR035,credit,****3412,-1612.39,USD,2022-07-10,dormant
ACC00000664,CUST000119,BR023,loan,****5908,-102001.71,USD,2021-06-08,active
ACC00000665,CUST000385,BR024,savings,****6223,88364.91,USD,2019-08-29,active
ACC00000666,CUST000125,BR009,checking,****2244,32086.87,USD,2021-12-31,active
ACC00000667,CUST000400,BR013,credit,****6720,-4908.16,USD,2021-12-04,active
ACC00000668,CUST000015,BR004,credit,****3116,-9587.96,USD,2025-07-25,active
ACC00000669,CUST000435,BR008,loan,****2549,-288176.61,USD,2023-11-18,active
ACC00000670,CUST000124,BR018,credit,****7648,-6927.04,USD,2022-06-11,dormant
ACC00000671,CUST000462,BR016,checking,****6649,1652.96,USD,2025-07-07,active
ACC00000672,CUST000009,BR046,checking,****8852,45013.94,USD,2022-05-04,active
ACC00000673,CUST000333,BR018,savings,****5366,190932.23,USD,2021-01-13,active
ACC00000674,CUST000191,BR035,credit,****3334,-3250.13,USD,2021-02-04,active
ACC00000675,CUST000349,BR043,credit,****7944,-7869.34,USD,2021-06-11,active
ACC00000676,CUST000195,BR041,checking,****6802,15934.85,USD,2024-10-29,active
ACC00000677,CUST000376,BR037,savings,****3288,66180.79,USD,2020-12-06,active
ACC00000678,CUST000461,BR018,savings,****5716,83666.26,USD,2021-02-18,active
ACC00000679,CUST000073,BR048,savings,****5517,2091.95,USD,2023-02-25,active
ACC00000680,CUST000347,BR040,savings,****2801,167890.14,USD,2021-12-27,active
ACC00000681,CUST000186,BR024,loan,****7089,-374783.47,USD,2024-02-09,active
ACC00000682,CUST000367,BR044,loan,****2430,-429318.89,USD,2024-01-11,active
ACC00000683,CUST000198,BR008,savings,****7612,73068.19,USD,2020-04-09,active
ACC00000684,CUST000373,BR015,credit,****3036,-6850.0,USD,2024-01-21,active
ACC00000685,CUST000487,BR033,checking,****7449,45405.71,USD,2021-05-08,active
ACC00000686,CUST000486,BR043,savings,****1193,186474.28,USD,2022-11-14,active
ACC00000687,CUST000320,BR021,savings,****2683,169914.46,USD,2022-05-07,active
ACC00000688,CUST000209,BR042,savings,****4381,6881.44,USD,2021-06-21,active
ACC00000689,CUST000079,BR046,loan,****7680,-186903.8,USD,2019-08-30,active
ACC00000690,CUST000343,BR027,savings,****6835,125234.9,USD,2024-02-29,active
ACC00000691,CUST000064,BR042,savings,****7950,132971.66,USD,2023-06-13,dormant
ACC00000692,CUST000139,BR039,savings,****7443,158620.47,USD,2018-01-07,active
ACC00000693,CUST000043,BR027,checking,****2359,41448.63,GBP,2020-10-14,active
ACC00000694,CUST000153,BR028,savings,****6842,77197.51,USD,2019-05-07,active
ACC00000695,CUST000284,BR012,credit,****3721,-7741.8,USD,2022-05-29,dormant
ACC00000696,CUST000263,BR028,savings,****8678,113158.27,USD,2018-08-26,active
ACC00000697,CUST000264,BR023,credit,****6645,-1405.6,USD,2021-08-15,active
ACC00000698,CUST000257,BR009,checking,****4763,10486.1,USD,2018-05-05,closed
ACC00000699,CUST000050,BR030,savings,****5237,42919.21,EUR,2019-08-03,active
ACC00000700,CUST000041,BR029,credit,****2527,-3977.08,USD,2018-07-12,active
ACC00000701,CUST000013,BR015,savings,****1370,106114.66,USD,2020-05-07,active
ACC00000702,CUST000003,BR017,loan,****6063,-251482.99,USD,2022-02-25,dormant
ACC00000703,CUST000288,BR013,loan,****8558,-244423.71,USD,2025-07-08,active
ACC00000704,CUST000354,BR021,credit,****4555,-6531.58,USD,2023-07-05,active
ACC00000705,CUST000452,BR019,credit,****8066,-968.19,USD,2018-12-14,active
ACC00000706,CUST000253,BR043,loan,****2173,-416547.35,GBP,2019-05-27,active
ACC00000707,CUST000363,BR040,credit,****1087,-7813.84,EUR,2021-08-09,active
ACC00000708,CUST000399,BR008,credit,****6004,-9737.32,USD,2020-05-22,active
ACC00000709,CUST000064,BR048,savings,****6458,126011.02,USD,2020-08-14,active
ACC00000710,CUST000080,BR003,credit,****3123,-2793.57,GBP,2019-01-22,active
ACC00000711,CUST000293,BR040,credit,****4841,-1659.31,USD,2019-12-21,active
ACC00000712,CUST000218,BR032,checking,****7054,32445.7,EUR,2021-07-17,active
ACC00000713,CUST000153,BR047,credit,****7769,-1921.91,USD,2018-02-02,active
ACC00000714,CUST000009,BR032,credit,****7734,-1031.94,USD,2024-02-03,active
ACC00000715,CUST000109,BR046,savings,****2413,74198.87,USD,2019-12-03,active
ACC00000716,CUST000355,BR031,savings,****6208,106965.31,USD,2020-01-29,active
ACC00000717,CUST000424,BR030,loan,****9329,-290042.14,USD,2021-08-17,active
ACC00000718,CUST000039,BR039,checking,****5101,35060.52,USD,2023-07-04,active
ACC00000719,CUST000489,BR037,loan,****3490,-29541.0,USD,2025-09-05,active
ACC00000720,CUST000452,BR011,checking,****7977,45103.26,USD,2019-07-23,active
ACC00000721,CUST000495,BR003,savings,****8250,69477.23,USD,2020-06-02,active
ACC00000722,CUST000078,BR032,checking,****4754,22231.46,USD,2019-07-13,active
ACC00000723,CUST000189,BR022,checking,****2949,40543.37,GBP,2025-03-11,closed
ACC00000724,CUST000427,BR032,savings,****9597,66935.8,EUR,2019-12-22,active
ACC00000725,CUST000383,BR005,loan,****9840,-225371.62,USD,2024-04-06,active
ACC00000726,CUST000485,BR025,loan,****3376,-403506.1,USD,2020-06-14,active
ACC00000727,CUST000142,BR001,credit,****5455,-833.97,USD,2020-03-30,active
ACC00000728,CUST000429,BR015,checking,****9100,33894.56,USD,2022-02-26,dormant
ACC00000729,CUST000493,BR021,savings,****5094,144580.25,USD,2025-12-20,active
ACC00000730,CUST000242,BR026,credit,****9069,-3050.64,USD,2025-01-17,active
ACC00000731,CUST000410,BR042,savings,****5579,86867.69,USD,2025-11-27,active
ACC00000732,CUST000327,BR006,checking,****1295,32862.84,USD,2024-09-26,active
ACC00000733,CUST000245,BR043,loan,****6190,-365335.5,EUR,2020-11-29,active
ACC00000734,CUST000449,BR027,checking,****1166,6398.11,USD,2025-08-20,active
ACC00000735,CUST000220,BR002,checking,****6157,43909.19,GBP,2025-10-28,active
ACC00000736,CUST000187,BR015,loan,****1551,-459386.32,USD,2018-05-31,dormant
ACC00000737,CUST000176,BR012,checking,****1835,4704.86,USD,2023-07-28,active
ACC00000738,CUST000454,BR032,loan,****5303,-73293.76,USD,2019-04-25,active
ACC00000739,CUST000356,BR002,credit,****5419,-6415.67,USD,2025-05-26,active
ACC00000740,CUST000032,BR049,loan,****6020,-35414.45,USD,2018-01-08,active
ACC00000741,CUST000432,BR002,loan,****4366,-426515.63,USD,2023-04-08,active
ACC00000742,CUST000296,BR036,savings,****1821,172582.68,USD,2018-06-24,active
ACC00000743,CUST000200,BR049,savings,****5099,39960.76,USD,2022-03-25,active
ACC00000744,CUST000219,BR046,checking,****2917,43409.44,USD,2022-07-20,active
ACC00000745,CUST000129,BR030,credit,****1137,-4156.2,USD,2021-12-26,active
ACC00000746,CUST000407,BR041,checking,****7616,43693.39,USD,2023-09-20,active
ACC00000747,CUST000006,BR022,savings,****7356,26797.82,USD,2018-08-10,active
ACC00000748,CUST000382,BR046,loan,****4052,-201533.47,USD,2025-07-05,active
ACC00000749,CUST000237,BR026,savings,****6582,159440.23,USD,2020-10-16,active
ACC00000750,CUST000362,BR036,checking,****6687,47556.49,USD,2020-01-16,active
ACC00000751,CUST000094,BR043,credit,****9222,-5114.14,USD,2024-01-23,active
ACC00000752,CUST000040,BR029,savings,****1780,179024.33,USD,2018-10-20,active
ACC00000753,CUST000322,BR011,savings,****8545,15333.55,EUR,2018-10-12,active
ACC00000754,CUST000414,BR039,credit,****2144,-8953.62,GBP,2021-08-27,active
ACC00000755,CUST000437,BR044,checking,****1620,28250.81,USD,2019-01-04,active
ACC00000756,CUST000195,BR048,checking,****8988,16906.22,USD,2024-01-25,active
ACC00000757,CUST000100,BR042,credit,****9028,-2160.77,USD,2022-06-14,active
ACC00000758,CUST000394,BR050,credit,****4294,-9019.7,USD,2023-01-08,active
ACC00000759,CUST000115,BR027,savings,****7270,25818.75,GBP,2019-04-01,active
ACC00000760,CUST000302,BR038,checking,****8410,17599.11,USD,2023-02-09,active
ACC00000761,CUST000240,BR031,loan,****3366,-89830.4,USD,2018-10-12,active
ACC00000762,CUST000063,BR042,savings,****9591,71040.0,USD,2024-06-10,active
ACC00000763,CUST000012,BR008,credit,****6190,-1722.36,USD,2023-05-09,active
ACC00000764,CUST000430,BR032,credit,****4378,-1987.37,USD,2022-05-10,active
ACC00000765,CUST000258,BR018,savings,****7294,140860.14,USD,2019-02-11,active
ACC00000766,CUST000417,BR012,checking,****7235,29686.49,USD,2018-10-23,active
ACC00000767,CUST000109,BR036,credit,****7167,-2122.49,USD,2021-09-24,active
ACC00000768,CUST000009,BR030,credit,****2644,-9501.64,EUR,2019-03-31,active
ACC00000769,CUST000276,BR012,loan,****8676,-368852.08,USD,2022-09-04,active
ACC00000770,CUST000118,BR044,loan,****9279,-224867.88,USD,2020-10-27,active
ACC00000771,CUST000120,BR002,checking,****7197,5223.27,USD,2024-07-08,active
ACC00000772,CUST000027,BR013,savings,****7961,37610.92,USD,2020-02-27,active
ACC00000773,CUST000250,BR013,credit,****5574,-4733.82,USD,2019-03-01,active
ACC00000774,CUST000281,BR006,checking,****3934,12489.45,USD,2024-03-18,active
ACC00000775,CUST000115,BR012,loan,****4456,-230039.87,EUR,2024-09-19,active
ACC00000776,CUST000292,BR020,loan,****5442,-137261.87,USD,2023-12-31,active
ACC00000777,CUST000334,BR032,loan,****9630,-327928.13,EUR,2020-07-29,active
ACC00000778,CUST000495,BR046,loan,****1093,-24805.87,EUR,2018-10-12,active
ACC00000779,CUST000368,BR011,savings,****7182,172219.86,USD,2020-10-29,active
ACC00000780,CUST000418,BR011,loan,****1925,-218940.01,USD,2018-02-25,active
ACC00000781,CUST000024,BR030,credit,****1756,-6662.42,USD,2024-11-03,active
ACC00000782,CUST000153,BR050,checking,****3422,5893.94,USD,2018-02-05,active
ACC00000783,CUST000445,BR001,checking,****9822,46009.14,USD,2020-07-29,active
ACC00000784,CUST000315,BR036,credit,****1539,-2252.9,EUR,2020-06-16,dormant
ACC00000785,CUST000437,BR017,credit,****2757,-7141.96,GBP,2022-07-29,active
ACC00000786,CUST000446,BR019,credit,****5346,-8616.52,USD,2025-03-03,active
ACC00000787,CUST000126,BR019,savings,****6382,191598.53,USD,2021-04-04,active
ACC00000788,CUST000181,BR018,loan,****3662,-405011.53,USD,2019-10-10,closed
ACC00000789,CUST000368,BR042,checking,****4927,43888.42,USD,2018-09-06,dormant
ACC00000790,CUST000455,BR013,credit,****9644,-7403.4,USD,2020-05-06,closed
ACC00000791,CUST000042,BR029,loan,****6902,-402884.44,USD,2022-02-04,active
ACC00000792,CUST000253,BR010,loan,****7758,-110812.64,USD,2020-09-03,active
ACC00000793,CUST000042,BR038,loan,****3610,-139703.45,USD,2025-05-23,active
ACC00000794,CUST000140,BR009,credit,****5259,-8455.48,USD,2020-04-16,dormant
ACC00000795,CUST000178,BR029,credit,****5211,-8511.72,USD,2025-01-11,active
ACC00000796,CUST000411,BR005,checking,****8685,39238.73,USD,2023-07-10,active
ACC00000797,CUST000122,BR021,checking,****1365,25066.43,USD,2025-11-28,active
ACC00000798,CUST000486,BR037,credit,****6287,-7451.0,USD,2023-06-03,dormant
ACC00000799,CUST000282,BR019,savings,****2205,197002.71,USD,2024-12-13,active
ACC00000800,CUST000471,BR049,loan,****8125,-416627.49,USD,2020-11-01,active
